{"population": 22145, "transit_pct": 0.18190127970749542, "non_english_pct": 0.1445347786811202, "bachelor_pct": 0.554117323051501, "city": {"transit_pct": 0.2624161412995414, "non_english_pct": 0.3369360919273823, "bachelor_pct": 0.41069964212571436}}