{"population": 14575, "transit_pct": 0.3588235294117647, "non_english_pct": 0.41166380789022294, "bachelor_pct": 0.33859510655090763, "city": {"transit_pct": 0.2624161412995414, "non_english_pct": 0.3369360919273823, "bachelor_pct": 0.41069964212571436}}