{"population": 21420, "transit_pct": 0.290467050543826, "non_english_pct": 0.37473733364464157, "bachelor_pct": 0.15404255319148935, "city": {"transit_pct": 0.2624161412995414, "non_english_pct": 0.3369360919273823, "bachelor_pct": 0.41069964212571436}}