{"population": 28255, "transit_pct": 0.34367183591795897, "non_english_pct": 0.4239957529640771, "bachelor_pct": 0.2719819635171142, "city": {"transit_pct": 0.2624161412995414, "non_english_pct": 0.3369360919273823, "bachelor_pct": 0.41069964212571436}}