{"population": 13965, "transit_pct": 0.18628719275549807, "non_english_pct": 0.2817758682420336, "bachelor_pct": 0.38329764453961457, "city": {"transit_pct": 0.2624161412995414, "non_english_pct": 0.3369360919273823, "bachelor_pct": 0.41069964212571436}}