{"population": 27155, "transit_pct": 0.16752011704462327, "non_english_pct": 0.33167587476979743, "bachelor_pct": 0.49229470128773484, "city": {"transit_pct": 0.2624161412995414, "non_english_pct": 0.3369360919273823, "bachelor_pct": 0.41069964212571436}}