{"population": 16520, "transit_pct": 0.32676348547717843, "non_english_pct": 0.40980629539951574, "bachelor_pct": 0.2795378307864331, "city": {"transit_pct": 0.2624161412995414, "non_english_pct": 0.3369360919273823, "bachelor_pct": 0.41069964212571436}}