{"population": 27540, "transit_pct": 0.18556048131728942, "non_english_pct": 0.6292665214233841, "bachelor_pct": 0.27491195359436504, "city": {"transit_pct": 0.2624161412995414, "non_english_pct": 0.3369360919273823, "bachelor_pct": 0.41069964212571436}}