{"population": 13120, "transit_pct": 0.24153166421207659, "non_english_pct": 0.16876190476190478, "bachelor_pct": 0.529979035639413, "city": {"transit_pct": 0.2624161412995414, "non_english_pct": 0.3369360919273823, "bachelor_pct": 0.41069964212571436}}