{"population": 18685, "transit_pct": 0.25957049486461253, "non_english_pct": 0.48461332619748465, "bachelor_pct": 0.3409020217729393, "city": {"transit_pct": 0.2624161412995414, "non_english_pct": 0.3369360919273823, "bachelor_pct": 0.41069964212571436}}