{"population": 22665, "transit_pct": 0.2584167424931756, "non_english_pct": 0.14673433362753752, "bachelor_pct": 0.572503242542153, "city": {"transit_pct": 0.2624161412995414, "non_english_pct": 0.3369360919273823, "bachelor_pct": 0.41069964212571436}}