{"population": 7915, "transit_pct": 0.291866028708134, "non_english_pct": 0.1755050505050505, "bachelor_pct": 0.40634441087613293, "city": {"transit_pct": 0.2624161412995414, "non_english_pct": 0.3369360919273823, "bachelor_pct": 0.41069964212571436}}