{"population": 11170, "transit_pct": 0.09863945578231292, "non_english_pct": 0.17270693512304247, "bachelor_pct": 0.5084925690021231, "city": {"transit_pct": 0.2624161412995414, "non_english_pct": 0.3369360919273823, "bachelor_pct": 0.41069964212571436}}