{"population": 7475, "transit_pct": 0.3258426966292135, "non_english_pct": 0.19732441471571904, "bachelor_pct": 0.41995172968624295, "city": {"transit_pct": 0.2624161412995414, "non_english_pct": 0.3369360919273823, "bachelor_pct": 0.41069964212571436}}