{"population": 16535, "transit_pct": 0.12448700410396717, "non_english_pct": 0.09220072551390568, "bachelor_pct": 0.590975788701394, "city": {"transit_pct": 0.2624161412995414, "non_english_pct": 0.3369360919273823, "bachelor_pct": 0.41069964212571436}}