{"population": 6260, "transit_pct": 0.3619047619047619, "non_english_pct": 0.3178913738019169, "bachelor_pct": 0.15502392344497606, "city": {"transit_pct": 0.2624161412995414, "non_english_pct": 0.3369360919273823, "bachelor_pct": 0.41069964212571436}}