{"population": 11215, "transit_pct": 0.2783171521035599, "non_english_pct": 0.24754683318465653, "bachelor_pct": 0.4325, "city": {"transit_pct": 0.2624161412995414, "non_english_pct": 0.3369360919273823, "bachelor_pct": 0.41069964212571436}}