{"population": 17700, "transit_pct": 0.2668213457076566, "non_english_pct": 0.2565696524441933, "bachelor_pct": 0.6490384615384616, "city": {"transit_pct": 0.2624161412995414, "non_english_pct": 0.3369360919273823, "bachelor_pct": 0.41069964212571436}}