{"population": 17045, "transit_pct": 0.21951219512195122, "non_english_pct": 0.23848635963625697, "bachelor_pct": 0.40034129692832765, "city": {"transit_pct": 0.2624161412995414, "non_english_pct": 0.3369360919273823, "bachelor_pct": 0.41069964212571436}}