{"population": 15415, "transit_pct": 0.23096129837702872, "non_english_pct": 0.26500162179695097, "bachelor_pct": 0.4511223750905141, "city": {"transit_pct": 0.2624161412995414, "non_english_pct": 0.3369360919273823, "bachelor_pct": 0.41069964212571436}}