{"population": 12645, "transit_pct": 0.21141975308641975, "non_english_pct": 0.3408461842625544, "bachelor_pct": 0.7173447537473233, "city": {"transit_pct": 0.2624161412995414, "non_english_pct": 0.3369360919273823, "bachelor_pct": 0.41069964212571436}}