{"population": 20160, "transit_pct": 0.332994923857868, "non_english_pct": 0.5814934259488961, "bachelor_pct": 0.6117287381878822, "city": {"transit_pct": 0.2624161412995414, "non_english_pct": 0.3369360919273823, "bachelor_pct": 0.41069964212571436}}