{"population": 27815, "transit_pct": 0.2490974729241877, "non_english_pct": 0.19057892844300617, "bachelor_pct": 0.4792713567839196, "city": {"transit_pct": 0.2624161412995414, "non_english_pct": 0.3369360919273823, "bachelor_pct": 0.41069964212571436}}