{"population": 23980, "transit_pct": 0.147036181678214, "non_english_pct": 0.6802168021680217, "bachelor_pct": 0.23627167630057805, "city": {"transit_pct": 0.2624161412995414, "non_english_pct": 0.3369360919273823, "bachelor_pct": 0.41069964212571436}}