{"population": 11390, "transit_pct": 0.2782608695652174, "non_english_pct": 0.41703248463564535, "bachelor_pct": 0.1535312180143296, "city": {"transit_pct": 0.2624161412995414, "non_english_pct": 0.3369360919273823, "bachelor_pct": 0.41069964212571436}}