{"population": 22535, "transit_pct": 0.3462897526501767, "non_english_pct": 0.39671621921455513, "bachelor_pct": 0.26233004532124765, "city": {"transit_pct": 0.2624161412995414, "non_english_pct": 0.3369360919273823, "bachelor_pct": 0.41069964212571436}}