{"population": 15485, "transit_pct": 0.286697247706422, "non_english_pct": 0.20058139534883723, "bachelor_pct": 0.4840900965319986, "city": {"transit_pct": 0.2624161412995414, "non_english_pct": 0.3369360919273823, "bachelor_pct": 0.41069964212571436}}