{"population": 12625, "transit_pct": 0.15667074663402691, "non_english_pct": 0.3908910891089109, "bachelor_pct": 0.31763122476446837, "city": {"transit_pct": 0.2624161412995414, "non_english_pct": 0.3369360919273823, "bachelor_pct": 0.41069964212571436}}