{"population": 15025, "transit_pct": 0.45506912442396313, "non_english_pct": 0.4593874833555259, "bachelor_pct": 0.3893841166936791, "city": {"transit_pct": 0.2624161412995414, "non_english_pct": 0.3369360919273823, "bachelor_pct": 0.41069964212571436}}