{"population": 22445, "transit_pct": 0.18076027928626842, "non_english_pct": 0.28997772828507795, "bachelor_pct": 0.3209290050145157, "city": {"transit_pct": 0.2624161412995414, "non_english_pct": 0.3369360919273823, "bachelor_pct": 0.41069964212571436}}