{"population": 17320, "transit_pct": 0.2429184549356223, "non_english_pct": 0.47719399538106233, "bachelor_pct": 0.2675181221953745, "city": {"transit_pct": 0.2624161412995414, "non_english_pct": 0.3369360919273823, "bachelor_pct": 0.41069964212571436}}