{"population": 19840, "transit_pct": 0.35793044953350295, "non_english_pct": 0.5243256869170658, "bachelor_pct": 0.5589275191514437, "city": {"transit_pct": 0.2624161412995414, "non_english_pct": 0.3369360919273823, "bachelor_pct": 0.41069964212571436}}