{"population": 9850, "transit_pct": 0.1961367013372957, "non_english_pct": 0.41015228426395944, "bachelor_pct": 0.2377245508982036, "city": {"transit_pct": 0.2624161412995414, "non_english_pct": 0.3369360919273823, "bachelor_pct": 0.41069964212571436}}