{"population": 13365, "transit_pct": 0.38122171945701355, "non_english_pct": 0.4244577412116679, "bachelor_pct": 0.2673844773441005, "city": {"transit_pct": 0.2624161412995414, "non_english_pct": 0.3369360919273823, "bachelor_pct": 0.41069964212571436}}