{"population": 9845, "transit_pct": 0.25329428989751096, "non_english_pct": 0.3770325203252033, "bachelor_pct": 0.2163289630512515, "city": {"transit_pct": 0.2624161412995414, "non_english_pct": 0.3369360919273823, "bachelor_pct": 0.41069964212571436}}