{"population": 15885, "transit_pct": 0.42951541850220265, "non_english_pct": 0.33270380862448856, "bachelor_pct": 0.5947151681537406, "city": {"transit_pct": 0.2624161412995414, "non_english_pct": 0.3369360919273823, "bachelor_pct": 0.41069964212571436}}