{"population": 13200, "transit_pct": 0.2851985559566787, "non_english_pct": 0.2954545454545454, "bachelor_pct": 0.33553500660501984, "city": {"transit_pct": 0.2624161412995414, "non_english_pct": 0.3369360919273823, "bachelor_pct": 0.41069964212571436}}