{"population": 10005, "transit_pct": 0.16965742251223492, "non_english_pct": 0.3101898101898102, "bachelor_pct": 0.30862767805442964, "city": {"transit_pct": 0.2624161412995414, "non_english_pct": 0.3369360919273823, "bachelor_pct": 0.41069964212571436}}