{"population": 10725, "transit_pct": 0.26382978723404255, "non_english_pct": 0.40578358208955223, "bachelor_pct": 0.2881448957189901, "city": {"transit_pct": 0.2624161412995414, "non_english_pct": 0.3369360919273823, "bachelor_pct": 0.41069964212571436}}