{"population": 13705, "transit_pct": 0.40816326530612246, "non_english_pct": 0.4244525547445256, "bachelor_pct": 0.29411764705882354, "city": {"transit_pct": 0.2624161412995414, "non_english_pct": 0.3369360919273823, "bachelor_pct": 0.41069964212571436}}