{"population": 9355, "transit_pct": 0.20741989881956155, "non_english_pct": 0.31533939070016037, "bachelor_pct": 0.1697869593285991, "city": {"transit_pct": 0.2624161412995414, "non_english_pct": 0.3369360919273823, "bachelor_pct": 0.41069964212571436}}