{"population": 7680, "transit_pct": 0.24920127795527156, "non_english_pct": 0.1262199089134678, "bachelor_pct": 0.5576631259484067, "city": {"transit_pct": 0.2624161412995414, "non_english_pct": 0.3369360919273823, "bachelor_pct": 0.41069964212571436}}