{"population": 11345, "transit_pct": 0.24786324786324787, "non_english_pct": 0.2146319964742177, "bachelor_pct": 0.3372872614749871, "city": {"transit_pct": 0.2624161412995414, "non_english_pct": 0.3369360919273823, "bachelor_pct": 0.41069964212571436}}