{"population": 20400, "transit_pct": 0.29536290322580644, "non_english_pct": 0.6058823529411765, "bachelor_pct": 0.3474878444084279, "city": {"transit_pct": 0.2624161412995414, "non_english_pct": 0.3369360919273823, "bachelor_pct": 0.41069964212571436}}