{"population": 12290, "transit_pct": 0.30446194225721784, "non_english_pct": 0.275020341741253, "bachelor_pct": 0.5233061028351754, "city": {"transit_pct": 0.2624161412995414, "non_english_pct": 0.3369360919273823, "bachelor_pct": 0.41069964212571436}}