{"population": 9160, "transit_pct": 0.21308016877637131, "non_english_pct": 0.18777292576419213, "bachelor_pct": 0.36886304909560724, "city": {"transit_pct": 0.2624161412995414, "non_english_pct": 0.3369360919273823, "bachelor_pct": 0.41069964212571436}}