{"population": 22320, "transit_pct": 0.3280141843971631, "non_english_pct": 0.2905465949820788, "bachelor_pct": 0.6150793650793651, "city": {"transit_pct": 0.2624161412995414, "non_english_pct": 0.3369360919273823, "bachelor_pct": 0.41069964212571436}}