{"population": 10120, "transit_pct": 0.23110151187904968, "non_english_pct": 0.09185185185185185, "bachelor_pct": 0.5576093653727665, "city": {"transit_pct": 0.2624161412995414, "non_english_pct": 0.3369360919273823, "bachelor_pct": 0.41069964212571436}}