{"population": 22330, "transit_pct": 0.2335958005249344, "non_english_pct": 0.4648454993282579, "bachelor_pct": 0.5919237521946326, "city": {"transit_pct": 0.2624161412995414, "non_english_pct": 0.3369360919273823, "bachelor_pct": 0.41069964212571436}}