{"population": 10680, "transit_pct": 0.294478527607362, "non_english_pct": 0.31928838951310856, "bachelor_pct": 0.2327113062568606, "city": {"transit_pct": 0.2624161412995414, "non_english_pct": 0.3369360919273823, "bachelor_pct": 0.41069964212571436}}