{"population": 12750, "transit_pct": 0.3532182103610675, "non_english_pct": 0.3743629949039592, "bachelor_pct": 0.388283378746594, "city": {"transit_pct": 0.2624161412995414, "non_english_pct": 0.3369360919273823, "bachelor_pct": 0.41069964212571436}}