{"population": 26775, "transit_pct": 0.29205298013245035, "non_english_pct": 0.5237205827418752, "bachelor_pct": 0.4600130747439529, "city": {"transit_pct": 0.2624161412995414, "non_english_pct": 0.3369360919273823, "bachelor_pct": 0.41069964212571436}}