{"population": 16130, "transit_pct": 0.23440860215053763, "non_english_pct": 0.2528664394174156, "bachelor_pct": 0.3436123348017621, "city": {"transit_pct": 0.2624161412995414, "non_english_pct": 0.3369360919273823, "bachelor_pct": 0.41069964212571436}}