{"population": 12085, "transit_pct": 0.20875420875420875, "non_english_pct": 0.47910633016135706, "bachelor_pct": 0.4842154131847725, "city": {"transit_pct": 0.2624161412995414, "non_english_pct": 0.3369360919273823, "bachelor_pct": 0.41069964212571436}}