{"population": 11865, "transit_pct": 0.1935483870967742, "non_english_pct": 0.34527824620573355, "bachelor_pct": 0.3321764997521071, "city": {"transit_pct": 0.2624161412995414, "non_english_pct": 0.3369360919273823, "bachelor_pct": 0.41069964212571436}}