{"population": 10015, "transit_pct": 0.30604026845637583, "non_english_pct": 0.3894158761857214, "bachelor_pct": 0.21574344023323616, "city": {"transit_pct": 0.2624161412995414, "non_english_pct": 0.3369360919273823, "bachelor_pct": 0.41069964212571436}}