{"population": 31285, "transit_pct": 0.21951219512195122, "non_english_pct": 0.21987855544902524, "bachelor_pct": 0.6456394346776974, "city": {"transit_pct": 0.2624161412995414, "non_english_pct": 0.3369360919273823, "bachelor_pct": 0.41069964212571436}}