{"population": 18120, "transit_pct": 0.23958333333333334, "non_english_pct": 0.33250551876379686, "bachelor_pct": 0.46074074074074073, "city": {"transit_pct": 0.2624161412995414, "non_english_pct": 0.3369360919273823, "bachelor_pct": 0.41069964212571436}}