{"population": 13380, "transit_pct": 0.14878397711015737, "non_english_pct": 0.1867762420620097, "bachelor_pct": 0.3914590747330961, "city": {"transit_pct": 0.2624161412995414, "non_english_pct": 0.3369360919273823, "bachelor_pct": 0.41069964212571436}}