{"population": 16960, "transit_pct": 0.16547619047619047, "non_english_pct": 0.36626363904452963, "bachelor_pct": 0.553184165232358, "city": {"transit_pct": 0.2624161412995414, "non_english_pct": 0.3369360919273823, "bachelor_pct": 0.41069964212571436}}