{"population": 17620, "transit_pct": 0.3002523128679563, "non_english_pct": 0.3018439716312057, "bachelor_pct": 0.4263959390862944, "city": {"transit_pct": 0.2624161412995414, "non_english_pct": 0.3369360919273823, "bachelor_pct": 0.41069964212571436}}