{"population": 22765, "transit_pct": 0.13612099644128114, "non_english_pct": 0.6689367311072056, "bachelor_pct": 0.30759620189905046, "city": {"transit_pct": 0.2624161412995414, "non_english_pct": 0.3369360919273823, "bachelor_pct": 0.41069964212571436}}