{"population": 21545, "transit_pct": 0.21364009860312244, "non_english_pct": 0.5182176839173822, "bachelor_pct": 0.3222635494155154, "city": {"transit_pct": 0.2624161412995414, "non_english_pct": 0.3369360919273823, "bachelor_pct": 0.41069964212571436}}