{"population": 17110, "transit_pct": 0.3674641148325359, "non_english_pct": 0.41128325051154635, "bachelor_pct": 0.2571428571428571, "city": {"transit_pct": 0.2624161412995414, "non_english_pct": 0.3369360919273823, "bachelor_pct": 0.41069964212571436}}