{"population": 10375, "transit_pct": 0.22554347826086957, "non_english_pct": 0.29624277456647397, "bachelor_pct": 0.21465076660988075, "city": {"transit_pct": 0.2624161412995414, "non_english_pct": 0.3369360919273823, "bachelor_pct": 0.41069964212571436}}