{"population": 23460, "transit_pct": 0.18319454958364875, "non_english_pct": 0.2889409759215853, "bachelor_pct": 0.41951584726728225, "city": {"transit_pct": 0.2624161412995414, "non_english_pct": 0.3369360919273823, "bachelor_pct": 0.41069964212571436}}