{"population": 21495, "transit_pct": 0.23667205169628433, "non_english_pct": 0.5678064666201442, "bachelor_pct": 0.2819478073715362, "city": {"transit_pct": 0.2624161412995414, "non_english_pct": 0.3369360919273823, "bachelor_pct": 0.41069964212571436}}