{"population": 11290, "transit_pct": 0.15414507772020725, "non_english_pct": 0.30261408949933544, "bachelor_pct": 0.23802083333333332, "city": {"transit_pct": 0.2624161412995414, "non_english_pct": 0.3369360919273823, "bachelor_pct": 0.41069964212571436}}