{"population": 21145, "transit_pct": 0.2929447852760736, "non_english_pct": 0.4198202459791863, "bachelor_pct": 0.11927675707203267, "city": {"transit_pct": 0.2624161412995414, "non_english_pct": 0.3369360919273823, "bachelor_pct": 0.41069964212571436}}