{"population": 12905, "transit_pct": 0.27848101265822783, "non_english_pct": 0.13250678031770635, "bachelor_pct": 0.6432269197584124, "city": {"transit_pct": 0.2624161412995414, "non_english_pct": 0.3369360919273823, "bachelor_pct": 0.41069964212571436}}