{"population": 27085, "transit_pct": 0.25804529201430276, "non_english_pct": 0.4365885176296843, "bachelor_pct": 0.2492099322799097, "city": {"transit_pct": 0.2624161412995414, "non_english_pct": 0.3369360919273823, "bachelor_pct": 0.41069964212571436}}