{"population": 12800, "transit_pct": 0.3, "non_english_pct": 0.19570312499999998, "bachelor_pct": 0.4662131519274376, "city": {"transit_pct": 0.2624161412995414, "non_english_pct": 0.3369360919273823, "bachelor_pct": 0.41069964212571436}}