{"population": 14120, "transit_pct": 0.2593167701863354, "non_english_pct": 0.18201133144475923, "bachelor_pct": 0.4248055315471046, "city": {"transit_pct": 0.2624161412995414, "non_english_pct": 0.3369360919273823, "bachelor_pct": 0.41069964212571436}}