{"population": 22735, "transit_pct": 0.4384805945499587, "non_english_pct": 0.2909610732351001, "bachelor_pct": 0.6454125091263081, "city": {"transit_pct": 0.2624161412995414, "non_english_pct": 0.3369360919273823, "bachelor_pct": 0.41069964212571436}}