{"population": 12380, "transit_pct": 0.2761087267525036, "non_english_pct": 0.2689822294022617, "bachelor_pct": 0.42532909668633684, "city": {"transit_pct": 0.2624161412995414, "non_english_pct": 0.3369360919273823, "bachelor_pct": 0.41069964212571436}}