{"population": 13055, "transit_pct": 0.30960086299892126, "non_english_pct": 0.34048257372654156, "bachelor_pct": 0.18752865657955067, "city": {"transit_pct": 0.2624161412995414, "non_english_pct": 0.3369360919273823, "bachelor_pct": 0.41069964212571436}}