{"population": 16670, "transit_pct": 0.2360335195530726, "non_english_pct": 0.358128374325135, "bachelor_pct": 0.6757689893283113, "city": {"transit_pct": 0.2624161412995414, "non_english_pct": 0.3369360919273823, "bachelor_pct": 0.41069964212571436}}