{"population": 17160, "transit_pct": 0.26273148148148145, "non_english_pct": 0.47596854063501315, "bachelor_pct": 0.5644689834361806, "city": {"transit_pct": 0.2624161412995414, "non_english_pct": 0.3369360919273823, "bachelor_pct": 0.41069964212571436}}