{"population": 29300, "transit_pct": 0.24529616724738676, "non_english_pct": 0.14709897610921496, "bachelor_pct": 0.6432160804020101, "city": {"transit_pct": 0.2624161412995414, "non_english_pct": 0.3369360919273823, "bachelor_pct": 0.41069964212571436}}