{"population": 10955, "transit_pct": 0.3870967741935484, "non_english_pct": 0.29972627737226276, "bachelor_pct": 0.37513171759747105, "city": {"transit_pct": 0.2624161412995414, "non_english_pct": 0.3369360919273823, "bachelor_pct": 0.41069964212571436}}