{"population": 13170, "transit_pct": 0.24068767908309455, "non_english_pct": 0.14388762338648442, "bachelor_pct": 0.6226650062266501, "city": {"transit_pct": 0.2624161412995414, "non_english_pct": 0.3369360919273823, "bachelor_pct": 0.41069964212571436}}