{"population": 24940, "transit_pct": 0.15492957746478872, "non_english_pct": 0.48436246992782683, "bachelor_pct": 0.25551294343240655, "city": {"transit_pct": 0.2624161412995414, "non_english_pct": 0.3369360919273823, "bachelor_pct": 0.41069964212571436}}