{"population": 15955, "transit_pct": 0.26120857699805067, "non_english_pct": 0.38169852710748986, "bachelor_pct": 0.4120658135283364, "city": {"transit_pct": 0.2624161412995414, "non_english_pct": 0.3369360919273823, "bachelor_pct": 0.41069964212571436}}