{"population": 21855, "transit_pct": 0.3758680555555556, "non_english_pct": 0.19999999999999996, "bachelor_pct": 0.5727391874180865, "city": {"transit_pct": 0.2624161412995414, "non_english_pct": 0.3369360919273823, "bachelor_pct": 0.41069964212571436}}