{"population": 9390, "transit_pct": 0.2915194346289753, "non_english_pct": 0.33102714209686, "bachelor_pct": 0.13972955569864778, "city": {"transit_pct": 0.2624161412995414, "non_english_pct": 0.3369360919273823, "bachelor_pct": 0.41069964212571436}}