{"population": 22530, "transit_pct": 0.32734375, "non_english_pct": 0.5342952275249723, "bachelor_pct": 0.31945578231292515, "city": {"transit_pct": 0.2624161412995414, "non_english_pct": 0.3369360919273823, "bachelor_pct": 0.41069964212571436}}