{"population": 14610, "transit_pct": 0.24766977363515313, "non_english_pct": 0.16079370509750257, "bachelor_pct": 0.48778534241089305, "city": {"transit_pct": 0.2624161412995414, "non_english_pct": 0.3369360919273823, "bachelor_pct": 0.41069964212571436}}