{"population": 12595, "transit_pct": 0.12544802867383512, "non_english_pct": 0.2279586973788721, "bachelor_pct": 0.3131217432496447, "city": {"transit_pct": 0.2624161412995414, "non_english_pct": 0.3369360919273823, "bachelor_pct": 0.41069964212571436}}