{"population": 21490, "transit_pct": 0.2726449275362319, "non_english_pct": 0.22312703583061888, "bachelor_pct": 0.5293674698795181, "city": {"transit_pct": 0.2624161412995414, "non_english_pct": 0.3369360919273823, "bachelor_pct": 0.41069964212571436}}