{"population": 28345, "transit_pct": 0.24623655913978496, "non_english_pct": 0.397847565278758, "bachelor_pct": 0.2786512205213074, "city": {"transit_pct": 0.2624161412995414, "non_english_pct": 0.3369360919273823, "bachelor_pct": 0.41069964212571436}}