{"population": 20080, "transit_pct": 0.2602564102564103, "non_english_pct": 0.10931274900398402, "bachelor_pct": 0.6686457449816229, "city": {"transit_pct": 0.2624161412995414, "non_english_pct": 0.3369360919273823, "bachelor_pct": 0.41069964212571436}}