{"population": 28135, "transit_pct": 0.24079528718703977, "non_english_pct": 0.2707074297902595, "bachelor_pct": 0.694934765924789, "city": {"transit_pct": 0.2624161412995414, "non_english_pct": 0.3369360919273823, "bachelor_pct": 0.41069964212571436}}