{"population": 25650, "transit_pct": 0.19141449683321604, "non_english_pct": 0.23138401559454191, "bachelor_pct": 0.4528698086794214, "city": {"transit_pct": 0.2624161412995414, "non_english_pct": 0.3369360919273823, "bachelor_pct": 0.41069964212571436}}