{"population": 21840, "transit_pct": 0.29791099000908267, "non_english_pct": 0.13870450904097043, "bachelor_pct": 0.4504280585473626, "city": {"transit_pct": 0.2624161412995414, "non_english_pct": 0.3369360919273823, "bachelor_pct": 0.41069964212571436}}