{"population": 22235, "transit_pct": 0.270935960591133, "non_english_pct": 0.3597122302158273, "bachelor_pct": 0.18799576943416182, "city": {"transit_pct": 0.2624161412995414, "non_english_pct": 0.3369360919273823, "bachelor_pct": 0.41069964212571436}}