{"population": 12185, "transit_pct": 0.19089759797724398, "non_english_pct": 0.5022568732047599, "bachelor_pct": 0.19526341227646207, "city": {"transit_pct": 0.2624161412995414, "non_english_pct": 0.3369360919273823, "bachelor_pct": 0.41069964212571436}}