{"population": 13790, "transit_pct": 0.29014084507042254, "non_english_pct": 0.47589706415367883, "bachelor_pct": 0.6516945692119233, "city": {"transit_pct": 0.2624161412995414, "non_english_pct": 0.3369360919273823, "bachelor_pct": 0.41069964212571436}}