{"population": 26580, "transit_pct": 0.28273809523809523, "non_english_pct": 0.4731000752445448, "bachelor_pct": 0.3422684980062029, "city": {"transit_pct": 0.2624161412995414, "non_english_pct": 0.3369360919273823, "bachelor_pct": 0.41069964212571436}}