{"population": 20670, "transit_pct": 0.19543973941368079, "non_english_pct": 0.2232164449818621, "bachelor_pct": 0.3346545866364666, "city": {"transit_pct": 0.2624161412995414, "non_english_pct": 0.3369360919273823, "bachelor_pct": 0.41069964212571436}}