{"population": 11290, "transit_pct": 0.23653846153846153, "non_english_pct": 0.108503100088574, "bachelor_pct": 0.5744345081536034, "city": {"transit_pct": 0.2624161412995414, "non_english_pct": 0.3369360919273823, "bachelor_pct": 0.41069964212571436}}