{"population": 16955, "transit_pct": 0.2348993288590604, "non_english_pct": 0.4466076696165192, "bachelor_pct": 0.19059583632447955, "city": {"transit_pct": 0.2624161412995414, "non_english_pct": 0.3369360919273823, "bachelor_pct": 0.41069964212571436}}