{"population": 23600, "transit_pct": 0.30745147150907953, "non_english_pct": 0.3386310659037932, "bachelor_pct": 0.48077847188851514, "city": {"transit_pct": 0.2624161412995414, "non_english_pct": 0.3369360919273823, "bachelor_pct": 0.41069964212571436}}