{"population": 22005, "transit_pct": 0.21044776119402986, "non_english_pct": 0.3876391729152465, "bachelor_pct": 0.2330016583747927, "city": {"transit_pct": 0.2624161412995414, "non_english_pct": 0.3369360919273823, "bachelor_pct": 0.41069964212571436}}