{"population": 19915, "transit_pct": 0.23693693693693693, "non_english_pct": 0.17499372332412755, "bachelor_pct": 0.668359166221272, "city": {"transit_pct": 0.2624161412995414, "non_english_pct": 0.3369360919273823, "bachelor_pct": 0.41069964212571436}}