{"population": 10365, "transit_pct": 0.12237093690248566, "non_english_pct": 0.25216972034715524, "bachelor_pct": 0.4008834897846494, "city": {"transit_pct": 0.2624161412995414, "non_english_pct": 0.3369360919273823, "bachelor_pct": 0.41069964212571436}}