{"population": 11020, "transit_pct": 0.2656514382402707, "non_english_pct": 0.1569872958257713, "bachelor_pct": 0.5321146245059288, "city": {"transit_pct": 0.2624161412995414, "non_english_pct": 0.3369360919273823, "bachelor_pct": 0.41069964212571436}}