{"population": 6435, "transit_pct": 0.2705479452054795, "non_english_pct": 0.18570318570318567, "bachelor_pct": 0.6, "city": {"transit_pct": 0.2624161412995414, "non_english_pct": 0.3369360919273823, "bachelor_pct": 0.41069964212571436}}