{"population": 20495, "transit_pct": 0.41928079571537874, "non_english_pct": 0.28975609756097565, "bachelor_pct": 0.3628532974427995, "city": {"transit_pct": 0.2624161412995414, "non_english_pct": 0.3369360919273823, "bachelor_pct": 0.41069964212571436}}