{"population": 11350, "transit_pct": 0.2447418738049713, "non_english_pct": 0.11013215859030834, "bachelor_pct": 0.6291748526522594, "city": {"transit_pct": 0.2624161412995414, "non_english_pct": 0.3369360919273823, "bachelor_pct": 0.41069964212571436}}