{"population": 16345, "transit_pct": 0.20438957475994513, "non_english_pct": 0.5498776009791921, "bachelor_pct": 0.4671761028134769, "city": {"transit_pct": 0.2624161412995414, "non_english_pct": 0.3369360919273823, "bachelor_pct": 0.41069964212571436}}