{"population": 17365, "transit_pct": 0.2766599597585513, "non_english_pct": 0.3805411629245826, "bachelor_pct": 0.28454452405322417, "city": {"transit_pct": 0.2624161412995414, "non_english_pct": 0.3369360919273823, "bachelor_pct": 0.41069964212571436}}