{"population": 31345, "transit_pct": 0.22074074074074074, "non_english_pct": 0.4858829159355559, "bachelor_pct": 0.20541804716429546, "city": {"transit_pct": 0.2624161412995414, "non_english_pct": 0.3369360919273823, "bachelor_pct": 0.41069964212571436}}