{"population": 30020, "transit_pct": 0.27614213197969545, "non_english_pct": 0.4377081945369754, "bachelor_pct": 0.11924227318045863, "city": {"transit_pct": 0.2624161412995414, "non_english_pct": 0.3369360919273823, "bachelor_pct": 0.41069964212571436}}