{"population": 21510, "transit_pct": 0.17803837953091683, "non_english_pct": 0.05625290562529062, "bachelor_pct": 0.55406162464986, "city": {"transit_pct": 0.2624161412995414, "non_english_pct": 0.3369360919273823, "bachelor_pct": 0.41069964212571436}}