{"population": 22605, "transit_pct": 0.17890235210263722, "non_english_pct": 0.2723451327433628, "bachelor_pct": 0.5126794258373206, "city": {"transit_pct": 0.2624161412995414, "non_english_pct": 0.3369360919273823, "bachelor_pct": 0.41069964212571436}}