{"population": 26095, "transit_pct": 0.2376237623762376, "non_english_pct": 0.4142556045219391, "bachelor_pct": 0.24323715058611362, "city": {"transit_pct": 0.2624161412995414, "non_english_pct": 0.3369360919273823, "bachelor_pct": 0.41069964212571436}}