{"population": 17660, "transit_pct": 0.25798101811906815, "non_english_pct": 0.3905409232512036, "bachelor_pct": 0.2900271370420624, "city": {"transit_pct": 0.2624161412995414, "non_english_pct": 0.3369360919273823, "bachelor_pct": 0.41069964212571436}}