{"population": 20710, "transit_pct": 0.38557020946470133, "non_english_pct": 0.29550941574118783, "bachelor_pct": 0.34647008789339384, "city": {"transit_pct": 0.2624161412995414, "non_english_pct": 0.3369360919273823, "bachelor_pct": 0.41069964212571436}}