{"population": 9305, "transit_pct": 0.36855036855036855, "non_english_pct": 0.17293233082706772, "bachelor_pct": 0.4630225080385852, "city": {"transit_pct": 0.2624161412995414, "non_english_pct": 0.3369360919273823, "bachelor_pct": 0.41069964212571436}}