{"population": 16625, "transit_pct": 0.29111531190926276, "non_english_pct": 0.38586466165413535, "bachelor_pct": 0.3008241758241758, "city": {"transit_pct": 0.2624161412995414, "non_english_pct": 0.3369360919273823, "bachelor_pct": 0.41069964212571436}}