{"population": 15220, "transit_pct": 0.22168087697929353, "non_english_pct": 0.5036136662286466, "bachelor_pct": 0.38739746457867263, "city": {"transit_pct": 0.2624161412995414, "non_english_pct": 0.3369360919273823, "bachelor_pct": 0.41069964212571436}}