{"population": 9680, "transit_pct": 0.20081135902636918, "non_english_pct": 0.17157622739018086, "bachelor_pct": 0.37544910179640717, "city": {"transit_pct": 0.2624161412995414, "non_english_pct": 0.3369360919273823, "bachelor_pct": 0.41069964212571436}}