{"population": 28140, "transit_pct": 0.26628895184135976, "non_english_pct": 0.3091684434968017, "bachelor_pct": 0.24250105618926912, "city": {"transit_pct": 0.2624161412995414, "non_english_pct": 0.3369360919273823, "bachelor_pct": 0.41069964212571436}}