{"population": 23180, "transit_pct": 0.3285198555956679, "non_english_pct": 0.2711389128559103, "bachelor_pct": 0.38050236259636905, "city": {"transit_pct": 0.2624161412995414, "non_english_pct": 0.3369360919273823, "bachelor_pct": 0.41069964212571436}}