{"population": 24170, "transit_pct": 0.21675531914893617, "non_english_pct": 0.5490277203144394, "bachelor_pct": 0.3238837703756201, "city": {"transit_pct": 0.2624161412995414, "non_english_pct": 0.3369360919273823, "bachelor_pct": 0.41069964212571436}}