{"population": 17495, "transit_pct": 0.28329092451229854, "non_english_pct": 0.36096027436410405, "bachelor_pct": 0.16562716562716562, "city": {"transit_pct": 0.2624161412995414, "non_english_pct": 0.3369360919273823, "bachelor_pct": 0.41069964212571436}}