{"population": 20510, "transit_pct": 0.25917252146760345, "non_english_pct": 0.3881033642125792, "bachelor_pct": 0.34991423670668953, "city": {"transit_pct": 0.2624161412995414, "non_english_pct": 0.3369360919273823, "bachelor_pct": 0.41069964212571436}}