{"population": 18405, "transit_pct": 0.2653846153846154, "non_english_pct": 0.267318663406683, "bachelor_pct": 0.2812903225806452, "city": {"transit_pct": 0.2624161412995414, "non_english_pct": 0.3369360919273823, "bachelor_pct": 0.41069964212571436}}