{"population": 7965, "transit_pct": 0.2257142857142857, "non_english_pct": 0.16384180790960456, "bachelor_pct": 0.48364485981308414, "city": {"transit_pct": 0.2624161412995414, "non_english_pct": 0.3369360919273823, "bachelor_pct": 0.41069964212571436}}