{"population": 25570, "transit_pct": 0.2087378640776699, "non_english_pct": 0.19217986314760505, "bachelor_pct": 0.7590016366612111, "city": {"transit_pct": 0.2624161412995414, "non_english_pct": 0.3369360919273823, "bachelor_pct": 0.41069964212571436}}