{"population": 10860, "transit_pct": 0.2125237191650854, "non_english_pct": 0.13069489185457894, "bachelor_pct": 0.621578947368421, "city": {"transit_pct": 0.2624161412995414, "non_english_pct": 0.3369360919273823, "bachelor_pct": 0.41069964212571436}}