{"population": 17065, "transit_pct": 0.278436018957346, "non_english_pct": 0.2212130090829183, "bachelor_pct": 0.42979635584137194, "city": {"transit_pct": 0.2624161412995414, "non_english_pct": 0.3369360919273823, "bachelor_pct": 0.41069964212571436}}