{"population": 18535, "transit_pct": 0.4614050303555941, "non_english_pct": 0.4134304207119741, "bachelor_pct": 0.43097128894318876, "city": {"transit_pct": 0.2624161412995414, "non_english_pct": 0.3369360919273823, "bachelor_pct": 0.41069964212571436}}