{"population": 14010, "transit_pct": 0.2599009900990099, "non_english_pct": 0.19835890117731003, "bachelor_pct": 0.47179272879231093, "city": {"transit_pct": 0.2624161412995414, "non_english_pct": 0.3369360919273823, "bachelor_pct": 0.41069964212571436}}