{"population": 14675, "transit_pct": 0.22350993377483444, "non_english_pct": 0.12027257240204425, "bachelor_pct": 0.6569841947885519, "city": {"transit_pct": 0.2624161412995414, "non_english_pct": 0.3369360919273823, "bachelor_pct": 0.41069964212571436}}