{"population": 15190, "transit_pct": 0.167420814479638, "non_english_pct": 0.24423963133640558, "bachelor_pct": 0.41996951219512196, "city": {"transit_pct": 0.2624161412995414, "non_english_pct": 0.3369360919273823, "bachelor_pct": 0.41069964212571436}}