{"population": 25705, "transit_pct": 0.35135135135135137, "non_english_pct": 0.5448356350904493, "bachelor_pct": 0.37334826427771556, "city": {"transit_pct": 0.2624161412995414, "non_english_pct": 0.3369360919273823, "bachelor_pct": 0.41069964212571436}}