{"population": 12205, "transit_pct": 0.2804878048780488, "non_english_pct": 0.13232281851700123, "bachelor_pct": 0.4828109201213347, "city": {"transit_pct": 0.2624161412995414, "non_english_pct": 0.3369360919273823, "bachelor_pct": 0.41069964212571436}}