{"population": 14960, "transit_pct": 0.22899505766062603, "non_english_pct": 0.11969241056502844, "bachelor_pct": 0.645083932853717, "city": {"transit_pct": 0.2624161412995414, "non_english_pct": 0.3369360919273823, "bachelor_pct": 0.41069964212571436}}