{"population": 11360, "transit_pct": 0.2145748987854251, "non_english_pct": 0.20290492957746475, "bachelor_pct": 0.40348182283666156, "city": {"transit_pct": 0.2624161412995414, "non_english_pct": 0.3369360919273823, "bachelor_pct": 0.41069964212571436}}