{"population": 22700, "transit_pct": 0.18695993715632364, "non_english_pct": 0.15282977317771418, "bachelor_pct": 0.363447559709242, "city": {"transit_pct": 0.2624161412995414, "non_english_pct": 0.3369360919273823, "bachelor_pct": 0.41069964212571436}}