{"population": 24305, "transit_pct": 0.3092848180677541, "non_english_pct": 0.47675853558206505, "bachelor_pct": 0.28940316686967116, "city": {"transit_pct": 0.2624161412995414, "non_english_pct": 0.3369360919273823, "bachelor_pct": 0.41069964212571436}}