{"population": 18675, "transit_pct": 0.2948073701842546, "non_english_pct": 0.27175368139223566, "bachelor_pct": 0.18836387013821923, "city": {"transit_pct": 0.2624161412995414, "non_english_pct": 0.3369360919273823, "bachelor_pct": 0.41069964212571436}}