{"population": 23805, "transit_pct": 0.365625, "non_english_pct": 0.5562788744225116, "bachelor_pct": 0.42877358490566037, "city": {"transit_pct": 0.2624161412995414, "non_english_pct": 0.3369360919273823, "bachelor_pct": 0.41069964212571436}}