{"population": 18450, "transit_pct": 0.13615870153291254, "non_english_pct": 0.2715447154471544, "bachelor_pct": 0.35357368753953194, "city": {"transit_pct": 0.2624161412995414, "non_english_pct": 0.3369360919273823, "bachelor_pct": 0.41069964212571436}}