{"population": 15485, "transit_pct": 0.23638968481375358, "non_english_pct": 0.5038759689922481, "bachelor_pct": 0.5557228915662651, "city": {"transit_pct": 0.2624161412995414, "non_english_pct": 0.3369360919273823, "bachelor_pct": 0.41069964212571436}}