{"population": 26840, "transit_pct": 0.3305785123966942, "non_english_pct": 0.38848518725545, "bachelor_pct": 0.33557197224087754, "city": {"transit_pct": 0.2624161412995414, "non_english_pct": 0.3369360919273823, "bachelor_pct": 0.41069964212571436}}