{"population": 12410, "transit_pct": 0.3140916808149406, "non_english_pct": 0.16800966962127317, "bachelor_pct": 0.6197380729653882, "city": {"transit_pct": 0.2624161412995414, "non_english_pct": 0.3369360919273823, "bachelor_pct": 0.41069964212571436}}