{"population": 15345, "transit_pct": 0.28095238095238095, "non_english_pct": 0.5623981753014011, "bachelor_pct": 0.5177923021060276, "city": {"transit_pct": 0.2624161412995414, "non_english_pct": 0.3369360919273823, "bachelor_pct": 0.41069964212571436}}