{"population": 33300, "transit_pct": 0.24071207430340558, "non_english_pct": 0.42603994593782846, "bachelor_pct": 0.26155172413793104, "city": {"transit_pct": 0.2624161412995414, "non_english_pct": 0.3369360919273823, "bachelor_pct": 0.41069964212571436}}