{"population": 15910, "transit_pct": 0.2738238841978287, "non_english_pct": 0.3305058121269243, "bachelor_pct": 0.5704303052592865, "city": {"transit_pct": 0.2624161412995414, "non_english_pct": 0.3369360919273823, "bachelor_pct": 0.41069964212571436}}