{"population": 17970, "transit_pct": 0.2851796407185629, "non_english_pct": 0.3999443362092958, "bachelor_pct": 0.26865671641791045, "city": {"transit_pct": 0.2624161412995414, "non_english_pct": 0.3369360919273823, "bachelor_pct": 0.41069964212571436}}