{"population": 13845, "transit_pct": 0.3516339869281046, "non_english_pct": 0.1732851985559567, "bachelor_pct": 0.5271020059752454, "city": {"transit_pct": 0.2624161412995414, "non_english_pct": 0.3369360919273823, "bachelor_pct": 0.41069964212571436}}