{"population": 27205, "transit_pct": 0.2425997425997426, "non_english_pct": 0.5011025358324146, "bachelor_pct": 0.3389974511469839, "city": {"transit_pct": 0.2624161412995414, "non_english_pct": 0.3369360919273823, "bachelor_pct": 0.41069964212571436}}