{"population": 16370, "transit_pct": 0.22549019607843138, "non_english_pct": 0.16157605375687234, "bachelor_pct": 0.6004415011037527, "city": {"transit_pct": 0.2624161412995414, "non_english_pct": 0.3369360919273823, "bachelor_pct": 0.41069964212571436}}