{"population": 21285, "transit_pct": 0.34017363851617993, "non_english_pct": 0.27853452325035233, "bachelor_pct": 0.36336866902237924, "city": {"transit_pct": 0.2624161412995414, "non_english_pct": 0.3369360919273823, "bachelor_pct": 0.41069964212571436}}