{"population": 8855, "transit_pct": 0.1455026455026455, "non_english_pct": 0.08972911963882624, "bachelor_pct": 0.6383838383838384, "city": {"transit_pct": 0.2624161412995414, "non_english_pct": 0.3369360919273823, "bachelor_pct": 0.41069964212571436}}